classe_dsgtools,atributo_dsgtools,classe_gothic,atributo_gothic
adm_area_pub_civil,geometriaaproximada,Area_Pub_Civil,geometriaAproximada
adm_area_pub_militar,geometriaaproximada,Area_Pub_Militar,geometriaAproximada
adm_descontinuidade_geometrica,motivodescontinuidade,Descontinuidade_Geom_ADM,motivoDescontinuidade
adm_edif_pub_civil,geometriaaproximada,Edif_Pub_Civil,geometriaAproximada
adm_edif_pub_civil,matconstr,Edif_Pub_Civil,matConstr
adm_edif_pub_civil,nomeabrev,Edif_Pub_Civil,nomeAbrev
adm_edif_pub_civil,situacaofisica,Edif_Pub_Civil,situacaoFisica
adm_edif_pub_civil,tipousoedif,Edif_Pub_Civil,tipoUsoEdif
adm_edif_pub_militar,geometriaaproximada,Edif_Pub_Militar,geometriaAproximada
adm_edif_pub_militar,matconstr,Edif_Pub_Militar,matConstr
adm_edif_pub_militar,nomeabrev,Edif_Pub_Militar,nomeAbrev
adm_edif_pub_militar,situacaofisica,Edif_Pub_Militar,situacaoFisica
adm_edif_pub_militar,tipousoedif,Edif_Pub_Militar,tipoUsoEdif
adm_posto_fiscal,geometriaaproximada,Posto_Fiscal,geometriaAproximada
adm_posto_fiscal,nomeabrev,Posto_Fiscal,nomeAbrev
adm_posto_fiscal,situacaofisica,Posto_Fiscal,situacaoFisica
adm_posto_pol_rod,geometriaaproximada,Posto_Pol_Rod,geometriaAproximada
adm_posto_pol_rod,nomeabrev,Posto_Pol_Rod,nomeAbrev
adm_posto_pol_rod,situacaofisica,Posto_Pol_Rod,situacaoFisica
asb_area_abast_agua,geometriaaproximada,Area_Abast_Agua,geometriaAproximada
asb_area_saneamento,geometriaaproximada,Area_Saneamento,geometriaAproximada
asb_cemiterio,denominacaoassociada,Cemiterio,denominacaoAssociada
asb_cemiterio,geometriaaproximada,Cemiterio,geometriaAproximada
asb_cemiterio,nomeabrev,Cemiterio,nomeAbrev
asb_cemiterio,tipocemiterio,Cemiterio,tipoCemiterio
asb_dep_abast_agua,geometriaaproximada,Dep_Abast_Agua,geometriaAproximada
asb_dep_abast_agua,matconstr,Dep_Abast_Agua,matConstr
asb_dep_abast_agua,nomeabrev,Dep_Abast_Agua,nomeAbrev
asb_dep_abast_agua,situacaoagua,Dep_Abast_Agua,situacaoAgua
asb_dep_abast_agua,situacaofisica,Dep_Abast_Agua,situacaoFisica
asb_dep_abast_agua,tipodepabast,Dep_Abast_Agua,tipoDepAbast
asb_dep_saneamento,geometriaaproximada,Dep_Saneamento,geometriaAproximada
asb_dep_saneamento,matconstr,Dep_Saneamento,matConstr
asb_dep_saneamento,nomeabrev,Dep_Saneamento,nomeAbrev
asb_dep_saneamento,situacaofisica,Dep_Saneamento,situacaoFisica
asb_dep_saneamento,tipodepsaneam,Dep_Saneamento,tipoDepSaneam
asb_dep_saneamento,tiporesiduo,Dep_Saneamento,tipoResiduo
asb_descontinuidade_geometrica,motivodescontinuidade,Descontinuidade_Geom_ASB,motivoDescontinuidade
asb_edif_abast_agua,geometriaaproximada,Edif_Abast_Agua,geometriaAproximada
asb_edif_abast_agua,matconstr,Edif_Abast_Agua,matConstr
asb_edif_abast_agua,nomeabrev,Edif_Abast_Agua,nomeAbrev
asb_edif_abast_agua,situacaofisica,Edif_Abast_Agua,situacaoFisica
asb_edif_abast_agua,tipoedifabast,Edif_Abast_Agua,tipoEdifAbast
asb_edif_saneamento,geometriaaproximada,Edif_Saneamento,geometriaAproximada
asb_edif_saneamento,matconstr,Edif_Saneamento,matConstr
asb_edif_saneamento,nomeabrev,Edif_Saneamento,nomeAbrev
asb_edif_saneamento,situacaofisica,Edif_Saneamento,situacaoFisica
asb_edif_saneamento,tipoedifsaneam,Edif_Saneamento,tipoEdifSaneam
eco_area_agrop_ext_veg_pesca,destinadoa,Area_Agrop_Ext_Veg_Pesca,destinadoA
eco_area_agrop_ext_veg_pesca,geometriaaproximada,Area_Agrop_Ext_Veg_Pesca,geometriaAproximada
eco_area_comerc_serv,geometriaaproximada,Area_Comerc_Serv,geometriaAproximada
eco_area_ext_mineral,geometriaaproximada,Area_Ext_Mineral,geometriaAproximada
eco_area_industrial,geometriaaproximada,Area_Industrial,geometriaAproximada
eco_deposito_geral,geometriaaproximada,Deposito_Geral,geometriaAproximada
eco_deposito_geral,matconstr,Deposito_Geral,matConstr
eco_deposito_geral,nomeabrev,Deposito_Geral,nomeAbrev
eco_deposito_geral,situacaofisica,Deposito_Geral,situacaoFisica
eco_deposito_geral,tipoconteudo,Deposito_Geral,tipoConteudo
eco_deposito_geral,tipodepgeral,Deposito_Geral,tipoDepGeral
eco_deposito_geral,tipoexposicao,Deposito_Geral,tipoExposicao
eco_deposito_geral,tipoprodutoresiduo,Deposito_Geral,tipoProdutoResiduo
eco_deposito_geral,unidadevolume,Deposito_Geral,unidadeVolume
eco_deposito_geral,valorvolume,Deposito_Geral,valorVolume
eco_descontinuidade_geometrica,motivodescontinuidade,Descontinuidade_Geom_ECO,motivoDescontinuidade
eco_edif_agrop_ext_veg_pesca,geometriaaproximada,Edif_Agrop_Ext_Veg_Pesca,geometriaAproximada
eco_edif_agrop_ext_veg_pesca,matconstr,Edif_Agrop_Ext_Veg_Pesca,matConstr
eco_edif_agrop_ext_veg_pesca,nomeabrev,Edif_Agrop_Ext_Veg_Pesca,nomeAbrev
eco_edif_agrop_ext_veg_pesca,situacaofisica,Edif_Agrop_Ext_Veg_Pesca,situacaoFisica
eco_edif_agrop_ext_veg_pesca,tipoedifagropec,Edif_Agrop_Ext_Veg_Pesca,tipoEdifAgropec
eco_edif_comerc_serv,geometriaaproximada,Edif_Comerc_Serv,geometriaAproximada
eco_edif_comerc_serv,matconstr,Edif_Comerc_Serv,matConstr
eco_edif_comerc_serv,nomeabrev,Edif_Comerc_Serv,nomeAbrev
eco_edif_comerc_serv,situacaofisica,Edif_Comerc_Serv,situacaoFisica
eco_edif_comerc_serv,tipoedifcomercserv,Edif_Comerc_Serv,tipoEdifComercServ
eco_edif_ext_mineral,geometriaaproximada,Edif_Ext_Mineral,geometriaAproximada
eco_edif_ext_mineral,matconstr,Edif_Ext_Mineral,matConstr
eco_edif_ext_mineral,nomeabrev,Edif_Ext_Mineral,nomeAbrev
eco_edif_ext_mineral,situacaofisica,Edif_Ext_Mineral,situacaoFisica
eco_edif_ext_mineral,tipodivisaocnae,Edif_Ext_Mineral,tipoDivisaoCnae
eco_edif_industrial,geometriaaproximada,Edif_Industrial,geometriaAproximada
eco_edif_industrial,matconstr,Edif_Industrial,matConstr
eco_edif_industrial,nomeabrev,Edif_Industrial,nomeAbrev
eco_edif_industrial,situacaofisica,Edif_Industrial,situacaoFisica
eco_edif_industrial,tipodivisaocnae,Edif_Industrial,tipoDivisaoCnae
eco_equip_agropec,geometriaaproximada,Equip_Agropec,geometriaAproximada
eco_equip_agropec,matconstr,Equip_Agropec,matConstr
eco_equip_agropec,nomeabrev,Equip_Agropec,nomeAbrev
eco_equip_agropec,situacaofisica,Equip_Agropec,situacaoFisica
eco_equip_agropec,tipoequipagropec,Equip_Agropec,tipoEquipAgropec
eco_ext_mineral,formaextracao,Ext_Mineral,formaExtracao
eco_ext_mineral,geometriaaproximada,Ext_Mineral,geometriaAproximada
eco_ext_mineral,nomeabrev,Ext_Mineral,nomeAbrev
eco_ext_mineral,procextracao,Ext_Mineral,procExtracao
eco_ext_mineral,situacaofisica,Ext_Mineral,situacaoFisica
eco_ext_mineral,tipoextmin,Ext_Mineral,tipoExtMin
eco_ext_mineral,tipopocomina,Ext_Mineral,tipoPocoMina
eco_ext_mineral,tipoprodutoresiduo,Ext_Mineral,tipoProdutoResiduo
eco_ext_mineral,tiposecaocnae,Ext_Mineral,tipoSecaoCnae
eco_plataforma,geometriaaproximada,Plataforma,geometriaAproximada
eco_plataforma,nomeabrev,Plataforma,nomeAbrev
eco_plataforma,tipoplataforma,Plataforma,tipoPlataforma
edu_area_ensino,geometriaaproximada,Area_Ensino,geometriaAproximada
edu_area_lazer,geometriaaproximada,Area_Lazer,geometriaAproximada
edu_area_religiosa,geometriaaproximada,Area_Religiosa,geometriaAproximada
edu_area_ruinas,geometriaaproximada,Area_Ruinas,geometriaAproximada
edu_arquibancada,geometriaaproximada,Arquibancada,geometriaAproximada
edu_arquibancada,nomeabrev,Arquibancada,nomeAbrev
edu_arquibancada,situacaofisica,Arquibancada,situacaoFisica
edu_campo_quadra,geometriaaproximada,Campo_Quadra,geometriaAproximada
edu_campo_quadra,nomeabrev,Campo_Quadra,nomeAbrev
edu_campo_quadra,situacaofisica,Campo_Quadra,situacaoFisica
edu_campo_quadra,tipocampoquadra,Campo_Quadra,tipoCampoQuadra
edu_coreto_tribuna,geometriaaproximada,Coreto_Tribuna,geometriaAproximada
edu_coreto_tribuna,nomeabrev,Coreto_Tribuna,nomeAbrev
edu_coreto_tribuna,situacaofisica,Coreto_Tribuna,situacaoFisica
edu_descontinuidade_geometrica,motivodescontinuidade,Descontinuidade_Geom_EDU,motivoDescontinuidade
edu_edif_const_lazer,geometriaaproximada,Edif_Const_Lazer,geometriaAproximada
edu_edif_const_lazer,matconstr,Edif_Const_Lazer,matConstr
edu_edif_const_lazer,nomeabrev,Edif_Const_Lazer,nomeAbrev
edu_edif_const_lazer,situacaofisica,Edif_Const_Lazer,situacaoFisica
edu_edif_const_lazer,tipoediflazer,Edif_Const_Lazer,tipoEdifLazer
edu_edif_const_turistica,geometriaaproximada,Edif_Const_Turistica,geometriaAproximada
edu_edif_const_turistica,matconstr,Edif_Const_Turistica,matConstr
edu_edif_const_turistica,nomeabrev,Edif_Const_Turistica,nomeAbrev
edu_edif_const_turistica,situacaofisica,Edif_Const_Turistica,situacaoFisica
edu_edif_const_turistica,tipoedifturist,Edif_Const_Turistica,tipoEdifTurist
edu_edif_ensino,geometriaaproximada,Edif_Ensino,geometriaAproximada
edu_edif_ensino,matconstr,Edif_Ensino,matConstr
edu_edif_ensino,nomeabrev,Edif_Ensino,nomeAbrev
edu_edif_ensino,situacaofisica,Edif_Ensino,situacaoFisica
edu_edif_ensino,tipoclassecnae,Edif_Ensino,tipoClasseCnae
edu_edif_religiosa,geometriaaproximada,Edif_Religiosa,geometriaAproximada
edu_edif_religiosa,matconstr,Edif_Religiosa,matConstr
edu_edif_religiosa,nomeabrev,Edif_Religiosa,nomeAbrev
edu_edif_religiosa,situacaofisica,Edif_Religiosa,situacaoFisica
edu_edif_religiosa,tipoedifrelig,Edif_Religiosa,tipoEdifRelig
edu_piscina,geometriaaproximada,Piscina,geometriaAproximada
edu_piscina,nomeabrev,Piscina,nomeAbrev
edu_piscina,situacaofisica,Piscina,situacaoFisica
edu_pista_competicao,geometriaaproximada,Pista_Competicao,geometriaAproximada
edu_pista_competicao,nomeabrev,Pista_Competicao,nomeAbrev
edu_pista_competicao,situacaofisica,Pista_Competicao,situacaoFisica
edu_pista_competicao,tipopista,Pista_Competicao,tipoPista
edu_ruina,geometriaaproximada,Ruina,geometriaAproximada
edu_ruina,nomeabrev,Ruina,nomeAbrev
enc_antena_comunic,geometriaaproximada,Antena_Comunic,geometriaAproximada
enc_antena_comunic,nomeabrev,Antena_Comunic,nomeAbrev
enc_antena_comunic,posicaoreledific,Antena_Comunic,posicaoRelEdific
enc_area_comunicacao,geometriaaproximada,Area_Comunicacao,geometriaAproximada
enc_area_energia_eletrica,geometriaaproximada,Area_Energia_Eletrica,geometriaAproximada
enc_descontinuidade_geometrica,motivodescontinuidade,Descontinuidade_Geom_ENC,motivoDescontinuidade
enc_edif_comunic,geometriaaproximada,Edif_Comunic,geometriaAproximada
enc_edif_comunic,matconstr,Edif_Comunic,matConstr
enc_edif_comunic,nomeabrev,Edif_Comunic,nomeAbrev
enc_edif_comunic,situacaofisica,Edif_Comunic,situacaoFisica
enc_edif_comunic,tipoedifcomunic,Edif_Comunic,tipoEdifComunic
enc_edif_energia,geometriaaproximada,Edif_Energia,geometriaAproximada
enc_edif_energia,matconstr,Edif_Energia,matConstr
enc_edif_energia,nomeabrev,Edif_Energia,nomeAbrev
enc_edif_energia,situacaofisica,Edif_Energia,situacaoFisica
enc_edif_energia,tipoedifenergia,Edif_Energia,tipoEdifEnergia
enc_est_gerad_energia_eletr,codigoestacao,Est_Gerad_Energia_Eletr,codigoEstacao
enc_est_gerad_energia_eletr,destenergelet,Est_Gerad_Energia_Eletr,destEnergElet
enc_est_gerad_energia_eletr,geometriaaproximada,Est_Gerad_Energia_Eletr,geometriaAproximada
enc_est_gerad_energia_eletr,nomeabrev,Est_Gerad_Energia_Eletr,nomeAbrev
enc_est_gerad_energia_eletr,situacaofisica,Est_Gerad_Energia_Eletr,situacaoFisica
enc_est_gerad_energia_eletr,tipoestgerad,Est_Gerad_Energia_Eletr,tipoEstGerad
enc_grupo_transformadores,geometriaaproximada,Grupo_Transform_Energ,geometriaAproximada
enc_grupo_transformadores,nomeabrev,Grupo_Transform_Energ,nomeAbrev
enc_hidreletrica,codigoestacao,Hidreletrica,codigoEstacao
enc_hidreletrica,destenergelet,Hidreletrica,destEnergElet
enc_hidreletrica,geometriaaproximada,Hidreletrica,geometriaAproximada
enc_hidreletrica,nomeabrev,Hidreletrica,nomeAbrev
enc_hidreletrica,situacaofisica,Hidreletrica,situacaoFisica
enc_hidreletrica,tipoestgerad,Hidreletrica,tipoEstGerad
enc_ponto_trecho_energia,geometriaaproximada,Ponto_Trecho_Energia,geometriaAproximada
enc_ponto_trecho_energia,tipoptoenergia,Ponto_Trecho_Energia,tipoPtoEnergia
enc_termeletrica,codigoestacao,Termeletrica,codigoEstacao
enc_termeletrica,combrenovavel,Termeletrica,combRenovavel
enc_termeletrica,destenergelet,Termeletrica,destEnergElet
enc_termeletrica,geometriaaproximada,Termeletrica,geometriaAproximada
enc_termeletrica,nomeabrev,Termeletrica,nomeAbrev
enc_termeletrica,situacaofisica,Termeletrica,situacaoFisica
enc_termeletrica,tipocombustivel,Termeletrica,tipoCombustivel
enc_termeletrica,tipoestgerad,Termeletrica,tipoEstGerad
enc_termeletrica,tipomaqtermica,Termeletrica,tipoMaqTermica
enc_torre_comunic,alturaestimada,Torre_Comunic,alturaEstimada
enc_torre_comunic,geometriaaproximada,Torre_Comunic,geometriaAproximada
enc_torre_comunic,nomeabrev,Torre_Comunic,nomeAbrev
enc_torre_comunic,posicaoreledific,Torre_Comunic,posicaoRelEdific
enc_torre_comunic,situacaofisica,Torre_Comunic,situacaoFisica
enc_torre_energia,alturaestimada,Torre_Energia,alturaEstimada
enc_torre_energia,arranjofases,Torre_Energia,arranjoFases
enc_torre_energia,geometriaaproximada,Torre_Energia,geometriaAproximada
enc_torre_energia,nomeabrev,Torre_Energia,nomeAbrev
enc_torre_energia,situacaofisica,Torre_Energia,situacaoFisica
enc_torre_energia,tipotorre,Torre_Energia,tipoTorre
enc_trecho_comunic,emduto,Trecho_Comunic,emDuto
enc_trecho_comunic,geometriaaproximada,Trecho_Comunic,geometriaAproximada
enc_trecho_comunic,matconstr,Trecho_Comunic,matConstr
enc_trecho_comunic,nomeabrev,Trecho_Comunic,nomeAbrev
enc_trecho_comunic,posicaorelativa,Trecho_Comunic,posicaoRelativa
enc_trecho_comunic,situacaofisica,Trecho_Comunic,situacaoFisica
enc_trecho_comunic,tipotrechocomunic,Trecho_Comunic,tipoTrechoComunic
enc_trecho_energia,emduto,Trecho_Energia,emDuto
enc_trecho_energia,geometriaaproximada,Trecho_Energia,geometriaAproximada
enc_trecho_energia,nomeabrev,Trecho_Energia,nomeAbrev
enc_trecho_energia,numcircuitos,Trecho_Energia,numCircuitos
enc_trecho_energia,posicaorelativa,Trecho_Energia,posicaoRelativa
enc_trecho_energia,situacaofisica,Trecho_Energia,situacaoFisica
enc_trecho_energia,tensaoeletrica,Trecho_Energia,tensaoEletrica
enc_zona_linhas_energia_com,geometriaaproximada,Zona_Linhas_Energia_Com,geometriaAproximada
enc_zona_linhas_energia_com,nomeabrev,Zona_Linhas_Energia_Com,nomeAbrev
hid_area_umida,geometriaaproximada,Area_Umida,geometriaAproximada
hid_area_umida,nomeabrev,Area_Umida,nomeAbrev
hid_area_umida,tipoareaumida,Area_Umida,tipoAreaUmida
hid_bacia_hidrografica,codigootto,Bacia_Hidrografica,codigoOtto
hid_bacia_hidrografica,geometriaaproximada,Bacia_Hidrografica,geometriaAproximada
hid_bacia_hidrografica,nivelotto,Bacia_Hidrografica,nivelOtto
hid_bacia_hidrografica,nomeabrev,Bacia_Hidrografica,nomeAbrev
hid_banco_areia,geometriaaproximada,Banco_Areia,geometriaAproximada
hid_banco_areia,materialpredominante,Banco_Areia,materialPredominante
hid_banco_areia,nomeabrev,Banco_Areia,nomeAbrev
hid_banco_areia,situacaoemagua,Banco_Areia,situacaoEmAgua
hid_banco_areia,tipobanco,Banco_Areia,tipoBanco
hid_barragem,geometriaaproximada,Barragem,geometriaAproximada
hid_barragem,matconstr,Barragem,matConstr
hid_barragem,nomeabrev,Barragem,nomeAbrev
hid_barragem,situacaofisica,Barragem,situacaoFisica
hid_barragem,usoprincipal,Barragem,usoPrincipal
hid_comporta,geometriaaproximada,Comporta,geometriaAproximada
hid_comporta,nomeabrev,Comporta,nomeAbrev
hid_comporta,situacaofisica,Comporta,situacaoFisica
hid_confluencia,geometriaaproximada,Confluencia,geometriaAproximada
hid_confluencia,nomeabrev,Confluencia,nomeAbrev
hid_corredeira,geometriaaproximada,Corredeira,geometriaAproximada
hid_corredeira,nomeabrev,Corredeira,nomeAbrev
hid_descontinuidade_geometrica,motivodescontinuidade,Descontinuidade_Geom_HID,motivoDescontinuidade
hid_fonte_dagua,geometriaaproximada,Fonte_Dagua,geometriaAproximada
hid_fonte_dagua,nomeabrev,Fonte_Dagua,nomeAbrev
hid_fonte_dagua,qualidagua,Fonte_Dagua,qualidAgua
hid_fonte_dagua,tipofontedagua,Fonte_Dagua,tipoFonteDagua
hid_foz_maritima,geometriaaproximada,Foz_Maritima,geometriaAproximada
hid_foz_maritima,nomeabrev,Foz_Maritima,nomeAbrev
hid_ilha,geometriaaproximada,Ilha,geometriaAproximada
hid_ilha,nomeabrev,Ilha,nomeAbrev
hid_limite_massa_dagua,alturamediamargem,Limite_Massa_Dagua,alturaMediaMargem
hid_limite_massa_dagua,geometriaaproximada,Limite_Massa_Dagua,geometriaAproximada
hid_limite_massa_dagua,materialpredominante,Limite_Massa_Dagua,materialPredominante
hid_limite_massa_dagua,nomeabrev,Limite_Massa_Dagua,nomeAbrev
hid_limite_massa_dagua,tipolimmassa,Limite_Massa_Dagua,tipoLimMassa
hid_massa_dagua,geometriaaproximada,Massa_Dagua,geometriaAproximada
hid_massa_dagua,nomeabrev,Massa_Dagua,nomeAbrev
hid_massa_dagua,tipomassadagua,Massa_Dagua,tipoMassaDagua
hid_natureza_fundo,espessalgas,Natureza_Fundo,espessAlgas
hid_natureza_fundo,geometriaaproximada,Natureza_Fundo,geometriaAproximada
hid_natureza_fundo,materialpredominante,Natureza_Fundo,materialPredominante
hid_natureza_fundo,nomeabrev,Natureza_Fundo,nomeAbrev
hid_ponto_drenagem,geometriaaproximada,Ponto_Drenagem,geometriaAproximada
hid_ponto_inicio_drenagem,geometriaaproximada,Ponto_Inicio_Drenagem,geometriaAproximada
hid_ponto_inicio_drenagem,nomeabrev,Ponto_Inicio_Drenagem,nomeAbrev
hid_quebramar_molhe,geometriaaproximada,Quebramar_Molhe,geometriaAproximada
hid_quebramar_molhe,matconstr,Quebramar_Molhe,matConstr
hid_quebramar_molhe,nomeabrev,Quebramar_Molhe,nomeAbrev
hid_quebramar_molhe,situacaofisica,Quebramar_Molhe,situacaoFisica
hid_quebramar_molhe,situamare,Quebramar_Molhe,situaMare
hid_queda_dagua,geometriaaproximada,Queda_Dagua,geometriaAproximada
hid_queda_dagua,nomeabrev,Queda_Dagua,nomeAbrev
hid_queda_dagua,tipoqueda,Queda_Dagua,tipoQueda
hid_recife,geometriaaproximada,Recife,geometriaAproximada
hid_recife,nomeabrev,Recife,nomeAbrev
hid_recife,situacaocosta,Recife,situacaoCosta
hid_recife,situamare,Recife,situaMare
hid_recife,tiporecife,Recife,tipoRecife
hid_reservatorio_hidrico,geometriaaproximada,Reservatorio_Hidrico,geometriaAproximada
hid_reservatorio_hidrico,namaximomaximorum,Reservatorio_Hidrico,naMaximoMaximorum
hid_reservatorio_hidrico,namaximooperacional,Reservatorio_Hidrico,naMaximoOperacional
hid_reservatorio_hidrico,nomeabrev,Reservatorio_Hidrico,nomeAbrev
hid_reservatorio_hidrico,usoprincipal,Reservatorio_Hidrico,usoPrincipal
hid_reservatorio_hidrico,volumeutil,Reservatorio_Hidrico,volumeUtil
hid_rocha_em_agua,alturalamina,Rocha_Em_Agua,alturaLamina
hid_rocha_em_agua,geometriaaproximada,Rocha_Em_Agua,geometriaAproximada
hid_rocha_em_agua,nomeabrev,Rocha_Em_Agua,nomeAbrev
hid_rocha_em_agua,situacaoemagua,Rocha_Em_Agua,situacaoEmAgua
hid_sumidouro_vertedouro,geometriaaproximada,Sumidouro_Vertedouro,geometriaAproximada
hid_sumidouro_vertedouro,nomeabrev,Sumidouro_Vertedouro,nomeAbrev
hid_sumidouro_vertedouro,tiposumvert,Sumidouro_Vertedouro,tipoSumVert
hid_terreno_suj_inundacao,geometriaaproximada,Terreno_Suj_Inundacao,geometriaAproximada
hid_terreno_suj_inundacao,nomeabrev,Terreno_Suj_Inundacao,nomeAbrev
hid_terreno_suj_inundacao,periodicidadeinunda,Terreno_Suj_Inundacao,periodicidadeInunda
hid_trecho_drenagem,caladomax,Trecho_Drenagem,caladoMax
hid_trecho_drenagem,coincidecomdentrode,Trecho_Drenagem,coincideComDentroDe
hid_trecho_drenagem,dentrodepoligono,Trecho_Drenagem,dentroDePoligono
hid_trecho_drenagem,eixoprincipal,Trecho_Drenagem,eixoPrincipal
hid_trecho_drenagem,geometriaaproximada,Trecho_Drenagem,geometriaAproximada
hid_trecho_drenagem,larguramedia,Trecho_Drenagem,larguraMedia
hid_trecho_drenagem,nomeabrev,Trecho_Drenagem,nomeAbrev
hid_trecho_drenagem,profundidademedia,Trecho_Drenagem,profundidadeMedia
hid_trecho_drenagem,velocidademedcorrente,Trecho_Drenagem,velocidadeMedCorrente
hid_trecho_massa_dagua,geometriaaproximada,Trecho_Massa_Dagua,geometriaAproximada
hid_trecho_massa_dagua,nomeabrev,Trecho_Massa_Dagua,nomeAbrev
lim_area_de_litigio,geometriaaproximada,Area_De_Litigio,geometriaAproximada
lim_area_de_litigio,nomeabrev,Area_De_Litigio,nomeAbrev
lim_area_desenv_controle,geometriaaproximada,Area_Desenv_Controle,geometriaAproximada
lim_area_desenv_controle,nomeabrev,Area_Desenv_Controle,nomeAbrev
lim_area_particular,geometriaaproximada,Area_Particular,geometriaAproximada
lim_area_particular,nomeabrev,Area_Particular,nomeAbrev
lim_area_uso_comunitario,geometriaaproximada,Area_Uso_Comunitario,geometriaAproximada
lim_area_uso_comunitario,nomeabrev,Area_Uso_Comunitario,nomeAbrev
lim_area_uso_comunitario,tipoareausocomun,Area_Uso_Comunitario,tipoAreaUsoComun
lim_bairro,anodereferencia,Bairro,anoDeReferencia
lim_bairro,geometriaaproximada,Bairro,geometriaAproximada
lim_bairro,nomeabrev,Bairro,nomeAbrev
lim_delimitacao_fisica,geometriaaproximada,Delimitacao_Fisica,geometriaAproximada
lim_delimitacao_fisica,matconstr,Delimitacao_Fisica,matConstr
lim_delimitacao_fisica,nomeabrev,Delimitacao_Fisica,nomeAbrev
lim_delimitacao_fisica,tipodelimfis,Delimitacao_Fisica,tipoDelimFis
lim_descontinuidade_geometrica,motivodescontinuidade,Descontinuidade_Geom_LIM,motivoDescontinuidade
lim_distrito,anodereferencia,Distrito,anoDeReferencia
lim_distrito,geometriaaproximada,Distrito,geometriaAproximada
lim_distrito,nomeabrev,Distrito,nomeAbrev
lim_limite_area_especial,coincidecomdentrode,Limite_Area_Especial,coincideComDentroDe
lim_limite_area_especial,geometriaaproximada,Limite_Area_Especial,geometriaAproximada
lim_limite_area_especial,nomeabrev,Limite_Area_Especial,nomeAbrev
lim_limite_area_especial,obssituacao,Limite_Area_Especial,obsSituacao
lim_limite_area_especial,tipolimareaesp,Limite_Area_Especial,tipoLimAreaEsp
lim_limite_intra_munic_adm,coincidecomdentrode,Limite_Intra_Munic_Adm,coincideComDentroDe
lim_limite_intra_munic_adm,geometriaaproximada,Limite_Intra_Munic_Adm,geometriaAproximada
lim_limite_intra_munic_adm,nomeabrev,Limite_Intra_Munic_Adm,nomeAbrev
lim_limite_intra_munic_adm,obssituacao,Limite_Intra_Munic_Adm,obsSituacao
lim_limite_intra_munic_adm,tipolimintramun,Limite_Intra_Munic_Adm,tipoLimIntraMun
lim_limite_operacional,coincidecomdentrode,Limite_Operacional,coincideComDentroDe
lim_limite_operacional,geometriaaproximada,Limite_Operacional,geometriaAproximada
lim_limite_operacional,nomeabrev,Limite_Operacional,nomeAbrev
lim_limite_operacional,obssituacao,Limite_Operacional,obsSituacao
lim_limite_operacional,tipolimoper,Limite_Operacional,tipoLimOper
lim_limite_particular,coincidecomdentrode,Limite_Particular,coincideComDentroDe
lim_limite_particular,geometriaaproximada,Limite_Particular,geometriaAproximada
lim_limite_particular,nomeabrev,Limite_Particular,nomeAbrev
lim_limite_particular,obssituacao,Limite_Particular,obsSituacao
lim_limite_politico_adm,coincidecomdentrode,Limite_Politico_Adm,coincideComDentroDe
lim_limite_politico_adm,geometriaaproximada,Limite_Politico_Adm,geometriaAproximada
lim_limite_politico_adm,nomeabrev,Limite_Politico_Adm,nomeAbrev
lim_limite_politico_adm,obssituacao,Limite_Politico_Adm,obsSituacao
lim_limite_politico_adm,tipolimpol,Limite_Politico_Adm,tipoLimPol
lim_linha_de_limite,coincidecomdentrode,Linha_De_Limite,coincideComDentroDe
lim_linha_de_limite,geometriaaproximada,Linha_De_Limite,geometriaAproximada
lim_linha_de_limite,nomeabrev,Linha_De_Limite,nomeAbrev
lim_marco_de_limite,altitudeortometrica,Marco_De_Limite,altitudeOrtometrica
lim_marco_de_limite,geometriaaproximada,Marco_De_Limite,geometriaAproximada
lim_marco_de_limite,nomeabrev,Marco_De_Limite,nomeAbrev
lim_marco_de_limite,orgresp,Marco_De_Limite,orgResp
lim_marco_de_limite,outrarefalt,Marco_De_Limite,outraRefAlt
lim_marco_de_limite,outrarefplan,Marco_De_Limite,outraRefPlan
lim_marco_de_limite,referencialaltim,Marco_De_Limite,referencialAltim
lim_marco_de_limite,sistemageodesico,Marco_De_Limite,sistemaGeodesico
lim_marco_de_limite,tipomarcolim,Marco_De_Limite,tipoMarcoLim
lim_municipio,anodereferencia,Municipio,anoDeReferencia
lim_municipio,geometriaaproximada,Municipio,geometriaAproximada
lim_municipio,nomeabrev,Municipio,nomeAbrev
lim_outras_unid_protegidas,anocriacao,Outras_Unid_Protegidas,anoCriacao
lim_outras_unid_protegidas,areaoficial,Outras_Unid_Protegidas,areaOficial
lim_outras_unid_protegidas,geometriaaproximada,Outras_Unid_Protegidas,geometriaAproximada
lim_outras_unid_protegidas,historicomodificacao,Outras_Unid_Protegidas,historicoModificacao
lim_outras_unid_protegidas,nomeabrev,Outras_Unid_Protegidas,nomeAbrev
lim_outras_unid_protegidas,tipooutunidprot,Outras_Unid_Protegidas,tipoOutUnidProt
lim_outros_limites_oficiais,coincidecomdentrode,Outros_Limites_Oficiais,coincideComDentroDe
lim_outros_limites_oficiais,geometriaaproximada,Outros_Limites_Oficiais,geometriaAproximada
lim_outros_limites_oficiais,nomeabrev,Outros_Limites_Oficiais,nomeAbrev
lim_outros_limites_oficiais,obssituacao,Outros_Limites_Oficiais,obsSituacao
lim_outros_limites_oficiais,tipooutlimofic,Outros_Limites_Oficiais,tipoOutLimOfic
lim_pais,codiso3166,Pais,codIso3166
lim_pais,geometriaaproximada,Pais,geometriaAproximada
lim_pais,nomeabrev,Pais,nomeAbrev
lim_regiao_administrativa,anodereferencia,Regiao_Administrativa,anoDeReferencia
lim_regiao_administrativa,geometriaaproximada,Regiao_Administrativa,geometriaAproximada
lim_regiao_administrativa,nomeabrev,Regiao_Administrativa,nomeAbrev
lim_sub_distrito,anodereferencia,Sub_Distrito,anoDeReferencia
lim_sub_distrito,geometriaaproximada,Sub_Distrito,geometriaAproximada
lim_sub_distrito,nomeabrev,Sub_Distrito,nomeAbrev
lim_terra_indigena,areaoficialha,Terra_Indigena,areaOficialHa
lim_terra_indigena,datasituacaojuridica,Terra_Indigena,dataSituacaoJuridica
lim_terra_indigena,geometriaaproximada,Terra_Indigena,geometriaAproximada
lim_terra_indigena,grupoetnico,Terra_Indigena,grupoEtnico
lim_terra_indigena,nomeabrev,Terra_Indigena,nomeAbrev
lim_terra_indigena,nometi,Terra_Indigena,nomeTi
lim_terra_indigena,perimetrooficial,Terra_Indigena,perimetroOficial
lim_terra_indigena,situacaojuridica,Terra_Indigena,situacaoJuridica
lim_terra_publica,geometriaaproximada,Terra_Publica,geometriaAproximada
lim_terra_publica,nomeabrev,Terra_Publica,nomeAbrev
lim_unidade_conserv_nao_snuc,anocriacao,Unidade_Conserv_Nao_SNUC,anoCriacao
lim_unidade_conserv_nao_snuc,areaoficial,Unidade_Conserv_Nao_SNUC,areaOficial
lim_unidade_conserv_nao_snuc,atolegal,Unidade_Conserv_Nao_SNUC,atoLegal
lim_unidade_conserv_nao_snuc,geometriaaproximada,Unidade_Conserv_Nao_SNUC,geometriaAproximada
lim_unidade_conserv_nao_snuc,nomeabrev,Unidade_Conserv_Nao_SNUC,nomeAbrev
lim_unidade_federacao,geometriaaproximada,Unidade_Federacao,geometriaAproximada
lim_unidade_federacao,nomeabrev,Unidade_Federacao,nomeAbrev
lim_unidade_protecao_integral,anocriacao,Unid_Protecao_Integral,anoCriacao
lim_unidade_protecao_integral,areaoficial,Unid_Protecao_Integral,areaOficial
lim_unidade_protecao_integral,atolegal,Unid_Protecao_Integral,atoLegal
lim_unidade_protecao_integral,geometriaaproximada,Unid_Protecao_Integral,geometriaAproximada
lim_unidade_protecao_integral,nomeabrev,Unid_Protecao_Integral,nomeAbrev
lim_unidade_protecao_integral,tipounidprotinteg,Unid_Protecao_Integral,tipoUnidProtInteg
lim_unidade_uso_sustentavel,anocriacao,Unidade_Uso_Sustentavel,anoCriacao
lim_unidade_uso_sustentavel,areaoficial,Unidade_Uso_Sustentavel,areaOficial
lim_unidade_uso_sustentavel,atolegal,Unidade_Uso_Sustentavel,atoLegal
lim_unidade_uso_sustentavel,geometriaaproximada,Unidade_Uso_Sustentavel,geometriaAproximada
lim_unidade_uso_sustentavel,nomeabrev,Unidade_Uso_Sustentavel,nomeAbrev
lim_unidade_uso_sustentavel,tipounidusosust,Unidade_Uso_Sustentavel,tipoUnidUsoSust
loc_area_edificada,geometriaaproximada,Area_Edificada,geometriaAproximada
loc_area_edificada,nomeabrev,Area_Edificada,nomeAbrev
loc_area_habitacional,geometriaaproximada,Area_Habitacional,geometriaAproximada
loc_area_habitacional,nomeabrev,Area_Habitacional,nomeAbrev
loc_cidade,geometriaaproximada,Cidade,geometriaAproximada
loc_cidade,nomeabrev,Cidade,nomeAbrev
loc_descontinuidade_geometrica,motivodescontinuidade,Descontinuidade_Geom_LOC,motivoDescontinuidade
loc_edif_habitacional,geometriaaproximada,Edif_Habitacional,geometriaAproximada
loc_edif_habitacional,matconstr,Edif_Habitacional,matConstr
loc_edif_habitacional,nomeabrev,Edif_Habitacional,nomeAbrev
loc_edif_habitacional,situacaofisica,Edif_Habitacional,situacaoFisica
loc_edificacao,geometriaaproximada,Edificacao,geometriaAproximada
loc_edificacao,matconstr,Edificacao,matConstr
loc_edificacao,nomeabrev,Edificacao,nomeAbrev
loc_edificacao,situacaofisica,Edificacao,situacaoFisica
loc_hab_indigena,geometriaaproximada,Hab_Indigena,geometriaAproximada
loc_hab_indigena,nomeabrev,Hab_Indigena,nomeAbrev
loc_nome_local,geometriaaproximada,Nome_Local,geometriaAproximada
loc_nome_local,nomeabrev,Nome_Local,nomeAbrev
loc_vila,geometriaaproximada,Vila,geometriaAproximada
loc_vila,nomeabrev,Vila,nomeAbrev
pto_area_est_med_fenom,geometriaaproximada,Area_Est_Med_Fenomenos,geometriaAproximada
pto_descontinuidade_geometrica,motivodescontinuidade,Descontinuidade_Geom_PTO,motivoDescontinuidade
pto_edif_constr_est_med_fen,geometriaaproximada,Edif_Constr_Est_Med,geometriaAproximada
pto_edif_constr_est_med_fen,matconstr,Edif_Constr_Est_Med,matConstr
pto_edif_constr_est_med_fen,nomeabrev,Edif_Constr_Est_Med,nomeAbrev
pto_edif_constr_est_med_fen,situacaofisica,Edif_Constr_Est_Med,situacaoFisica
pto_pto_controle,altitudeortometrica,Pto_Controle,altitudeOrtometrica
pto_pto_controle,codponto,Pto_Controle,codPonto
pto_pto_controle,codprojeto,Pto_Controle,codProjeto
pto_pto_controle,geometriaaproximada,Pto_Controle,geometriaAproximada
pto_pto_controle,nomeabrev,Pto_Controle,nomeAbrev
pto_pto_controle,orgaoenteresp,Pto_Controle,orgaoEnteResp
pto_pto_controle,outrarefalt,Pto_Controle,outraRefAlt
pto_pto_controle,outrarefplan,Pto_Controle,outraRefPlan
pto_pto_controle,referencialaltim,Pto_Controle,referencialAltim
pto_pto_controle,sistemageodesico,Pto_Controle,sistemaGeodesico
pto_pto_controle,tipoptocontrole,Pto_Controle,tipoPtoControle
pto_pto_controle,tiporef,Pto_Controle,tipoRef
pto_pto_est_med_fenomenos,codestacao,Pto_Est_Med_Fenomenos,codEstacao
pto_pto_est_med_fenomenos,geometriaaproximada,Pto_Est_Med_Fenomenos,geometriaAproximada
pto_pto_est_med_fenomenos,orgaoenteresp,Pto_Est_Med_Fenomenos,orgaoEnteResp
pto_pto_est_med_fenomenos,tipoptoestmed,Pto_Est_Med_Fenomenos,tipoPtoEstMed
pto_pto_ref_geod_topo,altitudeortometrica,Pto_Ref_Geod_Topo,altitudeOrtometrica
pto_pto_ref_geod_topo,codponto,Pto_Ref_Geod_Topo,codPonto
pto_pto_ref_geod_topo,datavisita,Pto_Ref_Geod_Topo,dataVisita
pto_pto_ref_geod_topo,geometriaaproximada,Pto_Ref_Geod_Topo,geometriaAproximada
pto_pto_ref_geod_topo,nomeabrev,Pto_Ref_Geod_Topo,nomeAbrev
pto_pto_ref_geod_topo,orgaoenteresp,Pto_Ref_Geod_Topo,orgaoEnteResp
pto_pto_ref_geod_topo,outrarefalt,Pto_Ref_Geod_Topo,outraRefAlt
pto_pto_ref_geod_topo,outrarefplan,Pto_Ref_Geod_Topo,outraRefPlan
pto_pto_ref_geod_topo,referencialaltim,Pto_Ref_Geod_Topo,referencialAltim
pto_pto_ref_geod_topo,referencialgrav,Pto_Ref_Geod_Topo,referencialGrav
pto_pto_ref_geod_topo,sistemageodesico,Pto_Ref_Geod_Topo,sistemaGeodesico
pto_pto_ref_geod_topo,situacaomarco,Pto_Ref_Geod_Topo,situacaoMarco
pto_pto_ref_geod_topo,tipoptorefgeodtopo,Pto_Ref_Geod_Topo,tipoPtoRefGeodTopo
pto_pto_ref_geod_topo,tiporef,Pto_Ref_Geod_Topo,tipoRef
rel_alter_fisiog_antropica,geometriaaproximada,Alter_Fisiog_Antropica,geometriaAproximada
rel_alter_fisiog_antropica,nomeabrev,Alter_Fisiog_Antropica,nomeAbrev
rel_alter_fisiog_antropica,tipoalterantrop,Alter_Fisiog_Antropica,tipoAlterAntrop
rel_curva_nivel,geometriaaproximada,Curva_Nivel,geometriaAproximada
rel_descontinuidade_geometrica,motivodescontinuidade,Descontinuidade_Geom_REL,motivoDescontinuidade
rel_dolina,geometriaaproximada,Dolina,geometriaAproximada
rel_dolina,nomeabrev,Dolina,nomeAbrev
rel_dolina,tipoelemnat,Dolina,tipoElemNat
rel_duna,geometriaaproximada,Duna,geometriaAproximada
rel_duna,nomeabrev,Duna,nomeAbrev
rel_duna,tipoelemnat,Duna,tipoElemNat
rel_elemento_fisiog_natural,geometriaaproximada,Elemento_Fisiog_Natural,geometriaAproximada
rel_elemento_fisiog_natural,nomeabrev,Elemento_Fisiog_Natural,nomeAbrev
rel_elemento_fisiog_natural,tipoelemnat,Elemento_Fisiog_Natural,tipoElemNat
rel_gruta_caverna,geometriaaproximada,Gruta_Caverna,geometriaAproximada
rel_gruta_caverna,nomeabrev,Gruta_Caverna,nomeAbrev
rel_pico,geometriaaproximada,Pico,geometriaAproximada
rel_pico,nomeabrev,Pico,nomeAbrev
rel_pico,tipoelemnat,Pico,tipoElemNat
rel_ponto_cotado_altimetrico,cotacomprovada,Ponto_Cotado_Altimetrico,cotaComprovada
rel_ponto_cotado_altimetrico,geometriaaproximada,Ponto_Cotado_Altimetrico,geometriaAproximada
rel_rocha,geometriaaproximada,Rocha,geometriaAproximada
rel_rocha,nomeabrev,Rocha,nomeAbrev
rel_terreno_exposto,causaexposicao,Terreno_Exposto,causaExposicao
rel_terreno_exposto,geometriaaproximada,Terreno_Exposto,geometriaAproximada
rel_terreno_exposto,tipoterrexp,Terreno_Exposto,tipoTerrExp
sau_area_saude,geometriaaproximada,Area_Saude,geometriaAproximada
sau_area_servico_social,geometriaaproximada,Area_Servico_Social,geometriaAproximada
sau_descontinuidade_geometrica,motivodescontinuidade,Descontinuidade_Geom_SAU,motivoDescontinuidade
sau_edif_saude,geometriaaproximada,Edif_Saude,geometriaAproximada
sau_edif_saude,matconstr,Edif_Saude,matConstr
sau_edif_saude,nivelatencao,Edif_Saude,nivelAtencao
sau_edif_saude,nomeabrev,Edif_Saude,nomeAbrev
sau_edif_saude,situacaofisica,Edif_Saude,situacaoFisica
sau_edif_saude,tipoclassecnae,Edif_Saude,tipoClasseCnae
sau_edif_servico_social,geometriaaproximada,Edif_Servico_Social,geometriaAproximada
sau_edif_servico_social,matconstr,Edif_Servico_Social,matConstr
sau_edif_servico_social,nomeabrev,Edif_Servico_Social,nomeAbrev
sau_edif_servico_social,situacaofisica,Edif_Servico_Social,situacaoFisica
sau_edif_servico_social,tipoclassecnae,Edif_Servico_Social,tipoClasseCnae
tra_area_duto,geometriaaproximada,Area_Duto,geometriaAproximada
tra_area_estrut_transporte,geometriaaproximada,Area_Estrut_Transporte,geometriaAproximada
tra_arruamento,canteirodivisorio,Arruamento,canteiroDivisorio
tra_arruamento,geometriaaproximada,Arruamento,geometriaAproximada
tra_arruamento,nomeabrev,Arruamento,nomeAbrev
tra_arruamento,nrfaixas,Arruamento,nrFaixas
tra_arruamento,situacaofisica,Arruamento,situacaoFisica
tra_atracadouro,geometriaaproximada,Atracadouro,geometriaAproximada
tra_atracadouro,matconstr,Atracadouro,matConstr
tra_atracadouro,nomeabrev,Atracadouro,nomeAbrev
tra_atracadouro,situacaofisica,Atracadouro,situacaoFisica
tra_atracadouro,tipoatracad,Atracadouro,tipoAtracad
tra_caminho_aereo,geometriaaproximada,Caminho_Aereo,geometriaAproximada
tra_caminho_aereo,nomeabrev,Caminho_Aereo,nomeAbrev
tra_caminho_aereo,situacaofisica,Caminho_Aereo,situacaoFisica
tra_caminho_aereo,tipocaminhoaereo,Caminho_Aereo,tipoCaminhoAereo
tra_caminho_aereo,tipousocaminhoaer,Caminho_Aereo,tipoUsoCaminhoAer
tra_ciclovia,geometriaaproximada,Ciclovia,geometriaAproximada
tra_ciclovia,nomeabrev,Ciclovia,nomeAbrev
tra_ciclovia,situacaofisica,Ciclovia,situacaoFisica
tra_condutor_hidrico,geometriaaproximada,Condutor_Hidrico,geometriaAproximada
tra_condutor_hidrico,matconstr,Condutor_Hidrico,matConstr
tra_condutor_hidrico,mattransp,Condutor_Hidrico,matTransp
tra_condutor_hidrico,nomeabrev,Condutor_Hidrico,nomeAbrev
tra_condutor_hidrico,nrdutos,Condutor_Hidrico,nrDutos
tra_condutor_hidrico,posicaorelativa,Condutor_Hidrico,posicaoRelativa
tra_condutor_hidrico,situacaoespacial,Condutor_Hidrico,situacaoEspacial
tra_condutor_hidrico,situacaofisica,Condutor_Hidrico,situacaoFisica
tra_cremalheira,geometriaaproximada,Cremalheira,geometriaAproximada
tra_cremalheira,nomeabrev,Cremalheira,nomeAbrev
tra_cremalheira,situacaofisica,Cremalheira,situacaoFisica
tra_descontinuidade_geometrica,motivodescontinuidade,Descontinuidade_Geom_TRA,motivoDescontinuidade
tra_eclusa,geometriaaproximada,Eclusa,geometriaAproximada
tra_eclusa,matconstr,Eclusa,matConstr
tra_eclusa,nomeabrev,Eclusa,nomeAbrev
tra_eclusa,situacaofisica,Eclusa,situacaoFisica
tra_edif_constr_aeroportuaria,geometriaaproximada,Edif_Const_Aeroportuaria,geometriaAproximada
tra_edif_constr_aeroportuaria,matconstr,Edif_Const_Aeroportuaria,matConstr
tra_edif_constr_aeroportuaria,nomeabrev,Edif_Const_Aeroportuaria,nomeAbrev
tra_edif_constr_aeroportuaria,situacaofisica,Edif_Const_Aeroportuaria,situacaoFisica
tra_edif_constr_aeroportuaria,tipoedifaero,Edif_Const_Aeroportuaria,tipoEdifAero
tra_edif_constr_portuaria,geometriaaproximada,Edif_Constr_Portuaria,geometriaAproximada
tra_edif_constr_portuaria,matconstr,Edif_Constr_Portuaria,matConstr
tra_edif_constr_portuaria,nomeabrev,Edif_Constr_Portuaria,nomeAbrev
tra_edif_constr_portuaria,situacaofisica,Edif_Constr_Portuaria,situacaoFisica
tra_edif_constr_portuaria,tipoedifport,Edif_Constr_Portuaria,tipoEdifPort
tra_edif_metro_ferroviaria,funcaoedifmetroferrov,Edif_Metro_Ferroviaria,funcaoEdifMetroFerrov
tra_edif_metro_ferroviaria,geometriaaproximada,Edif_Metro_Ferroviaria,geometriaAproximada
tra_edif_metro_ferroviaria,matconstr,Edif_Metro_Ferroviaria,matConstr
tra_edif_metro_ferroviaria,nomeabrev,Edif_Metro_Ferroviaria,nomeAbrev
tra_edif_metro_ferroviaria,situacaofisica,Edif_Metro_Ferroviaria,situacaoFisica
tra_edif_rodoviaria,geometriaaproximada,Edif_Rodoviaria,geometriaAproximada
tra_edif_rodoviaria,matconstr,Edif_Rodoviaria,matConstr
tra_edif_rodoviaria,nomeabrev,Edif_Rodoviaria,nomeAbrev
tra_edif_rodoviaria,situacaofisica,Edif_Rodoviaria,situacaoFisica
tra_edif_rodoviaria,tipoedifrod,Edif_Rodoviaria,tipoEdifRod
tra_entroncamento,geometriaaproximada,Entroncamento,geometriaAproximada
tra_entroncamento,nomeabrev,Entroncamento,nomeAbrev
tra_entroncamento,tipoentroncamento,Entroncamento,tipoEntroncamento
tra_faixa_seguranca,geometriaaproximada,Faixa_Seguranca,geometriaAproximada
tra_fundeadouro,destinacaofundeadouro,Fundeadouro,destinacaoFundeadouro
tra_fundeadouro,geometriaaproximada,Fundeadouro,geometriaAproximada
tra_fundeadouro,nomeabrev,Fundeadouro,nomeAbrev
tra_funicular,geometriaaproximada,Funicular,geometriaAproximada
tra_funicular,nomeabrev,Funicular,nomeAbrev
tra_funicular,situacaofisica,Funicular,situacaoFisica
tra_galeria_bueiro,geometriaaproximada,Galeria_Bueiro,geometriaAproximada
tra_galeria_bueiro,matconstr,Galeria_Bueiro,matConstr
tra_galeria_bueiro,nomeabrev,Galeria_Bueiro,nomeAbrev
tra_galeria_bueiro,situacaofisica,Galeria_Bueiro,situacaoFisica
tra_girador_ferroviario,geometriaaproximada,Girador_Ferroviario,geometriaAproximada
tra_girador_ferroviario,nomeabrev,Girador_Ferroviario,nomeAbrev
tra_girador_ferroviario,situacaofisica,Girador_Ferroviario,situacaoFisica
tra_identific_trecho_rod,nomeabrev,Identific_Trecho_Rod,nomeAbrev
tra_local_critico,geometriaaproximada,Local_Critico,geometriaAproximada
tra_local_critico,nomeabrev,Local_Critico,nomeAbrev
tra_local_critico,tipolocalcrit,Local_Critico,tipoLocalCrit
tra_obstaculo_navegacao,geometriaaproximada,Obstaculo_Navegacao,geometriaAproximada
tra_obstaculo_navegacao,nomeabrev,Obstaculo_Navegacao,nomeAbrev
tra_obstaculo_navegacao,situacaoemagua,Obstaculo_Navegacao,situacaoEmAgua
tra_obstaculo_navegacao,tipoobst,Obstaculo_Navegacao,tipoObst
tra_passag_elevada_viaduto,gabhorizsup,Passag_Elevada_Viaduto,gabHorizSup
tra_passag_elevada_viaduto,gabvertsup,Passag_Elevada_Viaduto,gabVertSup
tra_passag_elevada_viaduto,geometriaaproximada,Passag_Elevada_Viaduto,geometriaAproximada
tra_passag_elevada_viaduto,matconstr,Passag_Elevada_Viaduto,matConstr
tra_passag_elevada_viaduto,modaluso,Passag_Elevada_Viaduto,modalUso
tra_passag_elevada_viaduto,nomeabrev,Passag_Elevada_Viaduto,nomeAbrev
tra_passag_elevada_viaduto,nrfaixas,Passag_Elevada_Viaduto,nrFaixas
tra_passag_elevada_viaduto,nrpistas,Passag_Elevada_Viaduto,nrPistas
tra_passag_elevada_viaduto,posicaopista,Passag_Elevada_Viaduto,posicaoPista
tra_passag_elevada_viaduto,situacaofisica,Passag_Elevada_Viaduto,situacaoFisica
tra_passag_elevada_viaduto,tipopassagviad,Passag_Elevada_Viaduto,tipoPassagViad
tra_passag_elevada_viaduto,vaolivrehoriz,Passag_Elevada_Viaduto,vaoLivreHoriz
tra_passag_elevada_viaduto,vaovertical,Passag_Elevada_Viaduto,vaoVertical
tra_passagem_nivel,geometriaaproximada,Passagem_Nivel,geometriaAproximada
tra_passagem_nivel,nomeabrev,Passagem_Nivel,nomeAbrev
tra_patio,geometriaaproximada,Patio,geometriaAproximada
tra_patio,modaluso,Patio,modalUso
tra_patio,nomeabrev,Patio,nomeAbrev
tra_patio,situacaofisica,Patio,situacaoFisica
tra_pista_ponto_pouso,geometriaaproximada,Pista_Ponto_Pouso,geometriaAproximada
tra_pista_ponto_pouso,nomeabrev,Pista_Ponto_Pouso,nomeAbrev
tra_pista_ponto_pouso,situacaofisica,Pista_Ponto_Pouso,situacaoFisica
tra_pista_ponto_pouso,tipopista,Pista_Ponto_Pouso,tipoPista
tra_pista_ponto_pouso,usopista,Pista_Ponto_Pouso,usoPista
tra_ponte,geometriaaproximada,Ponte,geometriaAproximada
tra_ponte,matconstr,Ponte,matConstr
tra_ponte,modaluso,Ponte,modalUso
tra_ponte,nomeabrev,Ponte,nomeAbrev
tra_ponte,nrfaixas,Ponte,nrFaixas
tra_ponte,nrpistas,Ponte,nrPistas
tra_ponte,posicaopista,Ponte,posicaoPista
tra_ponte,situacaofisica,Ponte,situacaoFisica
tra_ponte,tipoponte,Ponte,tipoPonte
tra_ponte,vaolivrehoriz,Ponte,vaoLivreHoriz
tra_ponte,vaovertical,Ponte,vaoVertical
tra_ponto_duto,geometriaaproximada,Ponto_Duto,geometriaAproximada
tra_ponto_hidroviario,geometriaaproximada,Ponto_Hidroviario,geometriaAproximada
tra_posto_combustivel,geometriaaproximada,Posto_Combustivel,geometriaAproximada
tra_posto_combustivel,matconstr,Posto_Combustivel,matConstr
tra_posto_combustivel,nomeabrev,Posto_Combustivel,nomeAbrev
tra_posto_combustivel,situacaofisica,Posto_Combustivel,situacaoFisica
tra_sinalizacao,geometriaaproximada,Sinalizacao,geometriaAproximada
tra_sinalizacao,nomeabrev,Sinalizacao,nomeAbrev
tra_sinalizacao,situacaofisica,Sinalizacao,situacaoFisica
tra_sinalizacao,tiposinal,Sinalizacao,tipoSinal
tra_travessia,geometriaaproximada,Travessia,geometriaAproximada
tra_travessia,nomeabrev,Travessia,nomeAbrev
tra_travessia,tipotravessia,Travessia,tipoTravessia
tra_travessia_pedestre,geometriaaproximada,Travessia_Pedestre,geometriaAproximada
tra_travessia_pedestre,matconstr,Travessia_Pedestre,matConstr
tra_travessia_pedestre,nomeabrev,Travessia_Pedestre,nomeAbrev
tra_travessia_pedestre,situacaofisica,Travessia_Pedestre,situacaoFisica
tra_travessia_pedestre,tipotravessiaped,Travessia_Pedestre,tipoTravessiaPed
tra_trecho_duto,geometriaaproximada,Trecho_Duto,geometriaAproximada
tra_trecho_duto,matconstr,Trecho_Duto,matConstr
tra_trecho_duto,mattransp,Trecho_Duto,matTransp
tra_trecho_duto,nomeabrev,Trecho_Duto,nomeAbrev
tra_trecho_duto,nrdutos,Trecho_Duto,nrDutos
tra_trecho_duto,posicaorelativa,Trecho_Duto,posicaoRelativa
tra_trecho_duto,situacaoespacial,Trecho_Duto,situacaoEspacial
tra_trecho_duto,situacaofisica,Trecho_Duto,situacaoFisica
tra_trecho_duto,tipotrechoduto,Trecho_Duto,tipoTrechoDuto
tra_trecho_ferroviario,codtrechoferrov,Trecho_Ferroviario,codTrechoFerrov
tra_trecho_ferroviario,emarruamento,Trecho_Ferroviario,emArruamento
tra_trecho_ferroviario,geometriaaproximada,Trecho_Ferroviario,geometriaAproximada
tra_trecho_ferroviario,nomeabrev,Trecho_Ferroviario,nomeAbrev
tra_trecho_ferroviario,nrlinhas,Trecho_Ferroviario,nrLinhas
tra_trecho_ferroviario,posicaorelativa,Trecho_Ferroviario,posicaoRelativa
tra_trecho_ferroviario,situacaofisica,Trecho_Ferroviario,situacaoFisica
tra_trecho_ferroviario,tipotrechoferrov,Trecho_Ferroviario,tipoTrechoFerrov
tra_trecho_hidroviario,caladomaxseca,Trecho_Hidroviario,caladoMaxSeca
tra_trecho_hidroviario,extensaotrecho,Trecho_Hidroviario,extensaoTrecho
tra_trecho_hidroviario,geometriaaproximada,Trecho_Hidroviario,geometriaAproximada
tra_trecho_hidroviario,nomeabrev,Trecho_Hidroviario,nomeAbrev
tra_trecho_hidroviario,situacaofisica,Trecho_Hidroviario,situacaoFisica
tra_trecho_rodoviario,canteirodivisorio,Trecho_Rodoviario,canteiroDivisorio
tra_trecho_rodoviario,codtrechorodov,Trecho_Rodoviario,codTrechoRodov
tra_trecho_rodoviario,geometriaaproximada,Trecho_Rodoviario,geometriaAproximada
tra_trecho_rodoviario,nrfaixas,Trecho_Rodoviario,nrFaixas
tra_trecho_rodoviario,nrpistas,Trecho_Rodoviario,nrPistas
tra_trecho_rodoviario,situacaofisica,Trecho_Rodoviario,situacaoFisica
tra_trecho_rodoviario,tipotrechorod,Trecho_Rodoviario,tipoTrechoRod
tra_trilha_picada,geometriaaproximada,Trilha_Picada,geometriaAproximada
tra_trilha_picada,nomeabrev,Trilha_Picada,nomeAbrev
tra_tunel,geometriaaproximada,Tunel,geometriaAproximada
tra_tunel,matconstr,Tunel,matConstr
tra_tunel,modaluso,Tunel,modalUso
tra_tunel,nomeabrev,Tunel,nomeAbrev
tra_tunel,nrfaixas,Tunel,nrFaixas
tra_tunel,nrpistas,Tunel,nrPistas
tra_tunel,posicaopista,Tunel,posicaoPista
tra_tunel,situacaofisica,Tunel,situacaoFisica
tra_tunel,tipotunel,Tunel,tipoTunel
veg_brejo_pantano,alturamediaindividuos,Brejo_Pantano,alturaMediaIndividuos
veg_brejo_pantano,classificacaoporte,Brejo_Pantano,classificacaoPorte
veg_brejo_pantano,geometriaaproximada,Brejo_Pantano,geometriaAproximada
veg_brejo_pantano,nomeabrev,Brejo_Pantano,nomeAbrev
veg_brejo_pantano,tipobrejopantano,Brejo_Pantano,tipoBrejoPantano
veg_caatinga,alturamediaindividuos,Caatinga,alturaMediaIndividuos
veg_caatinga,classificacaoporte,Caatinga,classificacaoPorte
veg_caatinga,geometriaaproximada,Caatinga,geometriaAproximada
veg_caatinga,nomeabrev,Caatinga,nomeAbrev
veg_campinarana,alturamediaindividuos,Campinarana,alturaMediaIndividuos
veg_campinarana,classificacaoporte,Campinarana,classificacaoPorte
veg_campinarana,geometriaaproximada,Campinarana,geometriaAproximada
veg_campinarana,nomeabrev,Campinarana,nomeAbrev
veg_campo,geometriaaproximada,Campo,geometriaAproximada
veg_campo,nomeabrev,Campo,nomeAbrev
veg_campo,ocorrenciaem,Campo,ocorrenciaEm
veg_campo,tipocampo,Campo,tipoCampo
veg_cerrado_cerradao,alturamediaindividuos,Cerrado_Cerradao,alturaMediaIndividuos
veg_cerrado_cerradao,classificacaoporte,Cerrado_Cerradao,classificacaoPorte
veg_cerrado_cerradao,geometriaaproximada,Cerrado_Cerradao,geometriaAproximada
veg_cerrado_cerradao,nomeabrev,Cerrado_Cerradao,nomeAbrev
veg_cerrado_cerradao,tipocerr,Cerrado_Cerradao,tipoCerr
veg_descontinuidade_geometrica,motivodescontinuidade,Descontinuidade_Geom_VEG,motivoDescontinuidade
veg_estepe,alturamediaindividuos,Estepe,alturaMediaIndividuos
veg_estepe,geometriaaproximada,Estepe,geometriaAproximada
veg_estepe,nomeabrev,Estepe,nomeAbrev
veg_floresta,alturamediaindividuos,Floresta,alturaMediaIndividuos
veg_floresta,caracteristicafloresta,Floresta,caracteristicaFloresta
veg_floresta,classificacaoporte,Floresta,classificacaoPorte
veg_floresta,especiepredominante,Floresta,especiePredominante
veg_floresta,geometriaaproximada,Floresta,geometriaAproximada
veg_floresta,nomeabrev,Floresta,nomeAbrev
veg_macega_chavascal,alturamediaindividuos,Macega_Chavascal,alturaMediaIndividuos
veg_macega_chavascal,classificacaoporte,Macega_Chavascal,classificacaoPorte
veg_macega_chavascal,geometriaaproximada,Macega_Chavascal,geometriaAproximada
veg_macega_chavascal,nomeabrev,Macega_Chavascal,nomeAbrev
veg_macega_chavascal,tipomacchav,Macega_Chavascal,tipoMacChav
veg_mangue,alturamediaindividuos,Mangue,alturaMediaIndividuos
veg_mangue,classificacaoporte,Mangue,classificacaoPorte
veg_mangue,geometriaaproximada,Mangue,geometriaAproximada
veg_mangue,nomeabrev,Mangue,nomeAbrev
veg_veg_area_contato,alturamediaindividuos,Veg_Area_Contato,alturaMediaIndividuos
veg_veg_area_contato,classificacaoporte,Veg_Area_Contato,classificacaoPorte
veg_veg_area_contato,geometriaaproximada,Veg_Area_Contato,geometriaAproximada
veg_veg_area_contato,nomeabrev,Veg_Area_Contato,nomeAbrev
veg_veg_cultivada,alturamediaindividuos,Veg_Cultivada,alturaMediaIndividuos
veg_veg_cultivada,classificacaoporte,Veg_Cultivada,classificacaoPorte
veg_veg_cultivada,cultivopredominante,Veg_Cultivada,cultivoPredominante
veg_veg_cultivada,espacamentoindividuos,Veg_Cultivada,espacamentoIndividuos
veg_veg_cultivada,espessuradap,Veg_Cultivada,espessuraDAP
veg_veg_cultivada,geometriaaproximada,Veg_Cultivada,geometriaAproximada
veg_veg_cultivada,nomeabrev,Veg_Cultivada,nomeAbrev
veg_veg_cultivada,tipolavoura,Veg_Cultivada,tipoLavoura
veg_veg_restinga,alturamediaindividuos,Veg_Restinga,alturaMediaIndividuos
veg_veg_restinga,classificacaoporte,Veg_Restinga,classificacaoPorte
veg_veg_restinga,geometriaaproximada,Veg_Restinga,geometriaAproximada
veg_veg_restinga,nomeabrev,Veg_Restinga,nomeAbrev
adm_edif_pub_civil,tipoedifcivil,Edif_Pub_Civil,tipoEdif
adm_edif_pub_militar,tipoedifmil,Edif_Pub_Militar,tipoEdif
adm_posto_fiscal,tipopostofisc,Posto_Fiscal,tipoEdif
adm_posto_pol_rod,tipopostopol,Posto_Pol_Rod,tipoEdif
enc_est_gerad_energia_eletr,potenciafiscalizada,Est_Gerad_Energia_Eletr,potenciaFiscalizadaKW
enc_est_gerad_energia_eletr,potenciaoutorgada,Est_Gerad_Energia_Eletr,potenciaOutorgadaKW
enc_hidreletrica,potenciafiscalizada,Hidreletrica,potenciaFiscalizadaKW
enc_hidreletrica,potenciaoutorgada,Hidreletrica,potenciaOutorgadaKW
enc_termeletrica,potenciafiscalizada,Termeletrica,potenciaFiscalizadaKW
enc_termeletrica,potenciaoutorgada,Termeletrica,potenciaOutorgadaKW
hid_quebramar_molhe,tipoquebramolhe,Quebramar_Molhe,tipoQuebramarMolhe
hid_trecho_massa_dagua,tipotrechomassa,Trecho_Massa_Dagua,tipoMassaDagua
lim_area_desenv_controle,classificacao,Area_Desenv_Controle,classificacaoTxt
loc_vila,identificador,Vila,identificadorPosicGeo
loc_cidade,identificador,Cidade,identificadorPosicGeo
rel_gruta_caverna,tipogrutacaverna,Gruta_Caverna,tipoElemNat
rel_rocha,tiporocha,Rocha,tipoElemNat
tra_condutor_hidrico,tipocondutor,Condutor_Hidrico,tipoTrechoDuto
tra_galeria_bueiro,pesosuportmaximo,Galeria_Bueiro,pesoMaxSuportTon
tra_passag_elevada_viaduto,cargasuportmaxima,Passag_Elevada_Viaduto,pesoMaxSuportTon
tra_ponte,cargasuportmaxima,Ponte,pesoMaxSuportTon
tra_trecho_ferroviario,cargasuportmaxima,Trecho_Ferroviario,pesoMaxSuportTon
tra_trecho_rodoviario,capaccarga,Trecho_Rodoviario,pesoMaxSuportTon
hid_ilha,tipoilha,Ilha,tipoElemNat
